distance;force;result;datetime
11,98823;4,895459;10.40737;28.725275
14,1809;3,119396;12.40529;29.334159
12,87217;10,3588;0;30.251302
6,248056;17,28638;5.06124;30.35306
7,5984;14,00079;6.408516;30.420846
11,19815;11,57454;0;30.438798
12,92694;14,7822;11.24161;31.474753
8,140552;17,54164;6.625244;32.017873
5,798173;11,26078;4.562743;33.021719
4,867521;13,61723;4.023217;33.106037
10,57915;8,515576;8.892587;33.512917
8,463417;12,11544;7.247115;33.749285
8,17863;18,46583;6.718241;34.36126
8,362005;19,79339;6.806053;34.549722
9,053628;13,46243;7.477445;35.043434
8,039799;7,752335;6.645837;36.034184
9,683235;7,381239;8.232611;36.203732
7,273363;10,59753;6.001747;36.254565
6,889843;13,40791;5.542134;36.444057
10,49353;9,118695;8.823534;36.681455
6,708723;19,00395;6.078619;37.242149
11,62626;17,56216;11.21276;38.29391
13,30339;5,503889;11.62028;39.364681
10,34032;11,65659;0;39.822488
10,18785;9,873351;8.519566;39.856369
10,29551;13,56465;8.688613;40.484259
7,507433;16,05493;6.621737;41.289256
12,96005;18,92108;17.09813;41.714152
14,22633;18,8755;12.45605;41.833259
9,600503;4,976911;8.07214;42.604051
7,281289;7,826955;6.069716;42.733669
6,093235;12,59012;4.824275;42.971061
5,490725;15,80166;4.56532;43.175505
7,038031;12,88173;6.238797;43.361991
7,789093;18,45268;6.422015;44.991239
13,67238;17,59425;13.3223;45.076751
6,879613;10,38734;5.654281;45.149677
12,85935;6,80483;11.11016;45.152673
13,71065;3,780958;12.06251;45.154666
11,34728;5,585305;9.764627;45.155661
5,614694;17,89573;4.559662;45.156656
13,99921;13,96241;12.31235;45.156656
9,538829;14,30281;8.097291;45.157654
11,98817;5,128073;10.25311;46.109535
8,207316;7,507344;7.137238;46.161363
6,299914;12,84209;5.175752;46.313956
7,784773;11,70433;6.277113;46.805711
9,145463;14,84253;7.620615;47.774241
10,91511;16,87161;9.316422;48.062455
10,52256;17,58049;8.998445;48.080421
8,025688;18,23473;6.593303;48.147244
5,240047;18,9966;4.522957;48.148242
9,495102;3,878647;7.863471;48.149208
13,1243;16,22324;11.39503;48.150204
6,597657;17,29651;5.31172;48.15124
12,2267;14,87891;10.61594;48.153203
5,758794;9,800617;4.821685;48.155193
14,01183;4,521781;12.36863;49.012553
12,47061;5,096503;10.74339;49.114281
5,270122;18,87479;4.3819;49.403523
12,81236;9,991816;11.17636;50.455718
8,644688;18,80588;7.11252;50.642806
14,05046;14,59125;12.27523;50.866224
11,5691;15,385;10.01356;51.001846
7,852304;4,148228;6.855016;51.578253
14,05515;6,123861;12.31819;52.156244
11,01529;7,006933;9.547641;52.273927
8,886742;11,31771;7.621261;52.663884
14,24216;9,101373;12.52577;52.850438
13,32781;12,10488;11.55187;53.258695
13,13208;18,35599;13.6225;54.394878
7,382064;6,023516;6.301757;54.466686
13,65653;17,53252;11.87788;54.467686
9,354966;14,20657;7.794283;54.468715
11,70234;19,78488;9.998743;54.46971
9,930567;10,25318;8.367962;54.470707
11,99106;11,45599;10.35346;54.471675
7,309985;13,35156;6.151236;54.472672
12,53992;4,285017;10.7839;55.299102
6,337194;12,26141;4.993455;55.622272
6,929281;11,93278;5.582635;55.723966
10,06827;12,08102;0;55.995241
8,371828;13,49883;7.173882;56.357679
13,98379;10,8949;12.33065;57.02045
10,32875;13,00909;8.738584;57.073293
10,67062;3,808275;9.143168;57.731576
7,874345;5,995092;6.517786;57.818307
6,845342;10,06478;5.721123;58.15741
14,05545;6,104408;12.2841;58.225773
11,08262;15,16845;9.440807;59.720445
7,230527;18,85745;6.205257;59.940853
11,99944;10,22142;10.34655;60.229138
5,268133;8,065681;4.536317;60.933617
13,33978;5,50078;11.5946;61.271714
10,64661;7,813022;9.008279;61.562675
9,824074;12,57932;0;61.834232
6,168359;18,46081;5.003942;62.037897
12,01431;9,405959;10.31631;62.106716
9,219427;11,84922;7.637431;62.293215
9,213436;5,48667;7.709234;63.104837
7,440464;13,94404;5.980437;63.858371
13,36687;9,194861;11.66389;64.009966
9,920605;13,64193;8.269268;64.520058
13,93281;13,30734;12.14344;64.757428
10,19482;13,70021;8.577624;64.859245
12,84462;15,37081;11.25714;65.131579
6,876951;5,081666;5.461236;65.676388
6,080857;6,516525;5.472023;65.812001
13,47496;5,46398;11.69457;66.174064
14,01053;6,167269;12.21994;66.292747
12,5569;10,84129;0;66.784458
9,056177;13,14485;7.449846;67.161447
13,97509;16,67266;12.46005;68.216042
5,6933;6,040829;4.883699;68.776564
12,24895;3,803622;10.51484;68.947074
6,057492;15,42993;4.883932;69.625524
11,68532;7,770056;10.14482;69.676417
10,82329;12,19584;9.26977;70.495232
8,109769;18,79786;7.03935;70.665779
13,60783;17,57341;13.1551;71.461679
11,20658;9,663188;9.504614;71.528492
12,76956;18,67635;11.02332;71.529503
9,839379;14,21122;8.488598;71.530487
7,076141;14,41237;6.330785;71.531484
12,62056;11,23658;10.93703;71.532488
8,793425;19,48103;7.393648;71.532488
7,799041;11,48141;6.298811;71.533478
5,508526;14,38443;4.736657;72.819619
6,553142;13,50011;5.252419;72.869485
7,723584;11,69531;6.43571;72.938268
9,234877;12,90019;7.62118;73.737676
12,62022;14,54568;10.86403;74.196016
12,64881;14,81383;11.06608;74.38356
14,05522;10,78639;12.38282;74.554026
8,653738;4,603732;7.142276;75.202763
10,63144;4,792262;8.964705;75.372516
6,584792;8,235526;5.86042;75.474895
6,643947;10,0124;5.713132;75.645438
12,91644;7,821056;11.2151;76.020493
12,30356;8,26511;10.72858;76.105267
7,369595;15,55042;6.30341;77.02114
7,604455;14,88932;6.145192;77.088928
8,646316;18,23806;7.121535;77.089957
11,01505;15,37712;9.310847;77.090955
13,99933;17,49491;12.20905;77.091954
4,852685;18,98773;3.960181;77.092919
6,667107;12,85728;5.779288;77.092919
11,61552;7,485535;9.894383;77.093915
5,268119;10,97055;4.122794;77.955581
14,12327;5,542627;12.32874;78.142114
11,04368;6,661885;9.490352;78.277719
8,378103;9,281598;7.050505;78.311635
4,67553;17,93961;3.908918;78.397403
6,246222;18,10291;5.140591;78.906225
12,97333;9,722601;11.26012;78.940134
11,56812;17,20852;9.872812;79.007974
12,52012;12,28674;10.77531;79.008981
6,191504;4,162768;5.562604;79.008981
7,141688;5,446415;5.726699;79.009948
6,425445;18,40306;5.095879;79.010963
12,95525;3,541201;11.2998;79.011942
12,85572;19,85195;11.10864;79.01296
4,503904;7,474896;3.60652;79.537861
11,35014;3,467373;9.765922;79.655555
14,36812;7,074444;12.64748;80.33776
12,46803;10,22836;0;80.524612
6,349495;15,7585;5.698299;80.693675
12,2096;12,34871;10.49088;81.304048
14,11613;14,55923;12.45491;81.709963
8,548868;3,332922;7.241705;82.222664
13,03248;5,12149;11.41041;82.679442
8,198489;7,976379;6.737798;82.729308
8,201579;9,864219;7.042588;83.019099
8,634555;16,51593;7.381562;84.021049
12,82043;7,96947;11.24591;84.054917
11,95639;11,84216;10.25506;84.790565
7,00826;8,61693;5.782167;85.742174
10,88654;5,666668;9.187751;85.776088
6,468058;13,7851;5.551845;86.336685
10,97071;13,1466;9.30101;87.066321
9,217549;14,95564;7.622507;87.253856
11,16475;15,38796;9.509801;87.49122
10,11098;11,9042;8.46886;87.815359
6,465763;6,516298;5.66354;88.509782
11,51745;9,268583;9.804222;89.511104
8,247557;18,18853;7.049144;90.174658
9,870632;15,48478;8.489388;90.259951
9,105827;18,1577;7.863746;90.463374
12,9999;15,12354;11.2889;90.599011
10,45928;17,18342;8.885849;90.649908
8,112952;7,276058;6.919094;91.62278
8,698183;7,602137;7.126973;91.673645
6,589522;18,81862;0;92.150389
10,96349;9,381456;9.323804;92.286024
6,558769;16,43325;5.8826;92.642074
6,617816;18,07857;5.342558;92.896425
12,70471;15,57462;11.01283;93.542255
10,11357;3,777593;8.731272;94.204028
9,02711;5,307729;7.791526;94.340663
12,57863;4,14844;10.94074;94.341662
8,415196;8,267368;7.040597;94.66184
9,801818;7,541613;8.196214;94.712687
11,14431;11,87658;9.494259;95.735178
10,81347;18,79149;9.978191;96.756266
6,410948;3,962849;5.163427;97.163177
10,75778;4,515702;9.11056;97.536179
10,09581;5,148531;8.433306;97.569123
10,20375;7,616318;8.703883;97.99429
11,34637;8,552864;9.643046;98.333887
6,196857;15,95882;5.482994;98.453561
11,39016;16,11951;9.805895;99.672923
7,016222;5,449548;5.720781;100.269869
11,92683;7,819161;10.24255;101.136843
7,428788;15,86612;6.019404;101.883364
8,020435;15,05244;6.627886;102.103793
11,35417;11,2743;9.835962;102.563168
7,567316;19,05588;6.188981;102.851524
11,89911;18,48992;12.45113;103.106388
5,085256;12,1252;4.124594;104.060792
5,436526;16,10031;4.257258;104.400625
6,473942;12,20912;5.183777;104.418544
6,275517;13,21692;5.538313;104.485397
6,75663;17,59305;5.356383;104.994041
9,652783;17,24435;8.168791;105.723594
12,69634;19,70542;14.95639;106.75944
8,712147;7,865087;7.153025;106.827258
8,80086;4,891652;7.647115;106.828255
6,40798;18,62907;5.69699;106.829257
5,666483;12,53644;5.009388;106.830258
10,59995;8,061425;8.921442;106.83225
6,910781;18,60254;6.127149;106.834245
12,01926;14,71855;10.28098;106.835239
8,257402;3,843242;6.786962;107.342008
7,62519;7,469417;6.306109;107.731989
10,18515;6,812589;8.659962;107.937963
7,466852;9,649903;6.311576;108.039711
8,962296;11,91353;7.369322;108.480524
7,601836;16,98787;6.570655;108.870508
11,27388;16,69497;9.721688;109.837572
7,316958;6,89874;6.476502;110.674531
14,24777;5,37644;12.51632;110.861063
11,41452;7,788582;9.719225;111.25102
6,739068;19,02688;0;111.420568
11,25487;16,73804;9.546157;112.795426
9,668993;14,31182;8.041407;113.015868
10,98118;18,98235;10.59218;113.117596
6,733381;17,79812;5.52303;113.186381
11,77314;12,71225;10.15546;113.188401
6,984087;5,315044;6.037915;113.190428
8,45211;17,62184;7.272443;113.191375
6,324302;11,64577;5.473897;113.192365
11,32011;16,22126;9.680439;113.193363
12,92931;12,66526;11.16269;113.194386
11,61755;4,95634;9.957147;114.1388
4,666107;14,9589;3.817067;114.275406
9,499111;9,541935;8.139314;114.650432
7,235976;14,7042;5.946283;114.905721
13,10991;8,846426;11.34804;115.363496
6,176692;19,97022;4.888499;115.550578
10,5003;16,3268;9.0577;115.940569
7,279597;10,46638;6.198132;116.009352
11,02746;15,59511;9.368544;116.010354
7,715634;18,42115;6.292801;116.011348
10,30544;4,483573;8.77892;116.012344
10,9744;6,40769;9.35993;116.012344
13,47855;5,78061;11.7059;116.013389
13,94444;19,58847;12.15753;116.014349
7,460815;10,09616;5.986252;117.154681
9,107027;8,103579;7.853075;117.223038
6,022183;13,43881;5.022675;117.273902
11,48667;10,55784;9.774775;117.756612
13,30141;14,41621;11.53142;117.790547
9,475878;12,38773;7.844426;117.960099
12,27513;19,41025;12.39177;119.4245
11,05745;7,161694;9.353018;120.688678
7,999375;10,39408;6.527305;120.723586
13,97173;7,092975;12.2303;120.757494
10,4163;8,374754;8.895391;120.842269
10,06279;13,021;0;121.114548
9,930414;17,53738;8.319366;122.13331
10,4589;17,69739;9.03059;122.405093
8,970504;6,218173;7.623745;123.324839
6,864384;9,292613;5.567549;123.392695
7,185563;8,998322;5.837222;123.393683
13,64358;6,393629;11.94863;123.614061
10,56869;10,45325;8.98676;124.244488
8,007286;19,93322;6.638077;124.770119
9,704503;16,66639;8.095152;125.011651
8,180827;3,476986;6.636222;125.473824
13,97685;6,475053;12.27073;126.238294
10,43504;9,319058;8.756765;126.542483
12,12842;9,485722;10.52488;126.780594
11,3568;12,27835;9.821994;127.256987
10,54872;14,06793;9.038685;127.358727
12,97533;12,75019;11.23956;127.392622
9,657752;4,207714;8.262053;128.056862
11,04069;5,162336;9.426887;128.311875
13,04109;7,416255;11.2713;128.771096
8,744919;14,09329;0;128.889777
4,81955;19,94235;4.01066;128.890808
6,19065;18,06038;5.134769;129.162047
10,86711;17,93941;9.177017;130.434827
6,539196;6,385748;5.17605;131.079783
6,268278;9,635207;4.935029;131.418846
11,98583;7,406774;10.25786;131.826633
7,600035;17,83422;0;132.166826
7,511228;14,84382;6.562372;132.725303
11,25962;14,37339;9.547034;132.984609
9,110082;19,09398;7.611879;133.120829
9,932981;13,23424;8.276531;133.189052
7,800336;3,590914;6.839392;133.190016
11,04199;5,487025;9.345708;133.190016
13,21506;10,48944;11.61323;133.192012
9,09927;3,649604;7.53286;133.193017
10,759;9,342638;9.073841;133.194006
4,249623;8,607052;3.406255;133.195006
5,816326;10,3629;4.852458;134.155953
5,853212;11,78419;4.857853;134.274589
8,058125;15,29742;0;134.631235
6,92381;11,95807;5.665413;135.057093
8,174026;15,18288;6.677222;135.820463
12,13684;15,72814;10.41607;136.090765
13,27513;11,43319;11.64495;136.499255
10,77114;10,76254;9.090242;136.567026
12,04011;18,29867;10.48272;136.568013
11,32676;8,316938;9.653068;136.569004
14,06577;16,74312;12.32097;136.570003
8,053414;11,08982;6.698887;136.572004
8,908315;15,35029;7.696444;136.57399
5,746504;18,20987;5.076502;136.575988
11,12844;3,16924;9.519117;137.163474
8,658253;4,922643;7.201167;137.282182
8,7986;5,714277;7.37584;137.349971
10,9308;15,27964;9.271577;138.096653
10,55463;11,87856;0;138.129331
9,058465;19,39839;7.811169;139.369646
11,41669;18,454;11.19111;139.574101
5,58727;7,297504;4.522915;140.219891
14,05042;5,165632;12.25612;140.55801
11,83152;5,770473;10.19982;140.65974
6,936572;18,27689;0;141.014564
11,82728;7,920566;10.19783;141.064432
9,424058;13,00438;7.796696;141.794809
10,43201;12,00952;8.771813;142.117948
10,45476;18,34534;8.984381;142.189764
11,59067;15,26026;9.946845;142.192749
10,04461;17,21927;8.501615;142.19378
14,43533;5,934156;12.70776;142.194744
12,0913;12,52709;10.50792;142.195774
13,98566;7,929832;12.19512;142.196748
10,20748;5,989121;8.538107;142.197735
8,441097;3,082861;6.93246;142.613192
12,18594;4,546561;10.58044;143.058918
12,31375;8,160522;10.56444;143.719147
12,1443;10,98678;0;143.890817
11,25043;12,83132;9.563396;144.452644
10,94286;17,51783;9.241484;145.16474
11,25871;17,67157;10.43086;145.387187
11,62145;5,838108;9.991549;146.496709
8,613034;8,374681;7.049483;146.498662
9,182636;7,755803;7.64077;146.519607
10,52353;14,74047;8.94798;147.838674
13,37654;14,25976;11.74138;148.042161
8,274785;13,96822;7.009915;148.093025
8,474609;14,26579;7.268075;148.246281
8,172333;4,598983;6.656058;148.842642
6,493251;11,113;5.44467;149.38916
7,872991;9,880059;6.777389;149.525796
13,15974;11,68363;11.40004;150.417877
11,62983;12,58268;9.970831;150.57545
12,47629;13,85267;10.80687;150.812816
11,09399;17,21135;9.474625;151.271608
5,971394;6,32138;4.711466;151.851585
8,142144;6,988617;6.763014;152.173952
5,087351;14,74316;4.209445;152.428813
12,13307;7,236856;10.4527;152.634808
11,19542;10,28875;9.567816;153.211265
8,053033;13,17865;6.768577;153.466097
10,07011;12,93272;8.626678;153.668579
10,90062;4,501485;9.341721;154.484436
4,876942;10,69215;3.996324;154.50239
7,643108;8,566989;6.162356;154.670938
8,141137;11,2378;6.59949;155.500819
10,13827;12,64366;8.490176;156.095231
13,57511;13,27552;11.80043;156.145129
10,4395;17,42931;8.762597;156.502148
6,681873;8,246565;5.486515;157.377614
9,745545;9,587428;8.111628;158.031865
8,356861;15,44079;0;158.184458
6,659529;16,96594;5.557961;158.319618
10,07421;17,91444;8.43154;159.305982
10,72198;18,68767;9.933275;159.501471
13,23167;17,26235;11.57963;159.908211
4,780184;6,765755;3.960879;160.451751
7,383368;5,842915;5.912844;160.587389
4,862918;12,73863;3.840857;160.841709
7,173272;8,308399;6.149404;160.911521
5,824087;16,30159;4.92783;161.691516
7,65616;19,70292;6.204553;162.183162
12,04387;19,03709;13.28498;163.440323
6,961135;3,666162;5.776955;163.86818
6,877688;8,021381;5.512728;164.292121
12,1563;5,338535;10.58886;164.445702
7,130874;11,93038;5.744926;164.717487
12,3005;9,762685;10.67829;165.517854
13,73508;12,30632;12.06784;165.722821
11,10776;17,26053;9.480801;166.46945
6,521704;7,772987;5.250731;167.26722
8,531978;7,83077;7.094043;167.521508
6,950046;15,14032;5.528375;168.047562
7,859558;13,55073;6.515879;168.132307
11,1798;15,33381;9.50736;169.184231
11,3577;11,15238;9.65358;169.252049
11,17831;19,90926;12.67431;170.048953
4,986166;4,766409;4.084829;170.43942
11,75958;3,229398;10.15115;170.676544
11,57377;5,46834;9.90175;171.090485
8,259481;9,850848;6.8755;171.327882
7,793881;10,90062;6.28554;171.344807
7,089091;15,56972;6.037158;171.819564
14,23113;12,69718;12.52439;172.429962
5,65947;4,823435;4.788292;172.905233
5,779681;10,4269;4.582198;173.346023
7,563598;9,302087;6.550444;173.703994
14,02076;8,374409;12.32169;174.043229
8,567713;12,20281;7.362344;174.179916
11,23932;9,21538;9.559842;174.468112
12,31273;17,89022;12.31871;175.740508
11,73865;4,423848;10.00829;176.605192
9,115799;7,779086;7.680984;176.859523
8,699883;8,241331;7.418579;176.87651
13,76315;10,29707;12.02184;178.048861
6,290719;18,56089;6.810716;178.440397
11,7562;10,87079;10.02904;178.542161
12,54387;17,96229;12.61912;179.068772
9,054134;3,238975;7.497408;179.560938
9,955436;5,201351;8.513387;179.916665
7,77508;8,732546;6.468617;180.139007
11,73004;7,120862;10.02205;180.427236
11,08737;13,04872;9.481681;181.359787
8,744721;17,48137;7.215918;181.444104
14,52229;14,49078;12.79909;181.770923
10,36663;5,264668;8.693408;182.635611
6,401944;11,99566;5.485319;183.026659
6,249485;13,01328;5.269689;183.060582
12,20538;7,37722;10.56857;183.162881
9,543007;13,58361;0;183.416329
10,1121;19,27909;8.540452;184.825717
13,90094;10,16716;12.15054;184.996066
8,100352;3,958971;6.744077;185.52364
4,779599;7,642666;3.862106;185.557552
13,80644;3,637188;12.06226;185.710168
14,54257;4,463334;12.86948;185.845786
9,391096;13,22648;0;186.525873
9,909203;15,79634;8.442841;187.458953
10,60303;19,48431;9.606005;188.20753
4,888793;11,80277;3.982759;188.275377
12,83034;3,062068;11.1427;188.276374
13,31917;4,289543;11.67085;188.276374
8,61093;12,91659;7.107528;188.277344
13,75062;14,87291;11.96464;188.278371
8,202024;14,30387;7.031764;188.279338
6,985385;7,634768;6.293476;188.279338
7,612836;3,190252;6.235138;188.691235
11,47062;4,730343;9.831621;189.167969
10,33592;6,626912;8.739786;189.423739
5,574087;15,26927;4.363418;189.576843
10,63429;13,31734;9.004333;190.509896
9,339939;15,43704;8.052148;190.576717
12,81073;10,08122;11.04803;191.205188
4,999869;12,51368;3.934795;191.273007
6,659907;19,65283;5.637047;191.274037
10,12029;9,445544;8.612752;191.275003
9,757317;7,225041;8.246608;191.276
5,621391;13,72836;4.737566;191.276
11,94686;5,385993;10.20938;191.276997
10,48748;17,57482;8.864986;191.277997
10,01403;4,32326;8.446842;191.982111
10,62847;4,802885;9.03019;192.124245
14,22707;4,877411;12.55618;192.202034
8,156674;10,35372;7.082897;192.66512
6,560118;17,53713;5.736678;193.666008
6,159625;18,37275;4.846153;193.682929
7,30367;16,51531;6.262008;194.005613
5,451629;4,306873;4.474681;194.0734
12,17648;12,12476;10.64425;194.074439
5,001936;6,768633;3.947719;194.075419
10,55715;7,789814;9.016516;194.075419
6,466898;17,27676;5.124516;194.076395
8,151691;13,34223;6.63549;194.077392
9,766756;7,428439;8.159991;194.078388
14,32562;4,299829;12.6181;194.906028
4,3521;12,72575;3.469503;194.939937
5,94218;9,214835;5.36632;195.024709
4,961283;13,37628;4.032102;195.109482
12,18937;5,938138;10.58749;195.211211
12,85199;10,6825;0;195.688474
11,04672;16,44826;9.415126;196.943389
6,734636;4,678179;6.135622;197.505035
13,91676;5,984968;12.1486;198.064505
5,378828;19,317;4.234566;198.471454
5,531362;18,68687;4.495898;198.522317
7,729276;13,9254;6.762733;198.743754
12,63239;16,73918;11.29679;200.050384
12,78304;18,95086;14.06292;200.441458
14,01646;4,057046;12.28359;201.221366
4,904166;18,09758;3.97599;201.781518
6,217367;15,13996;4.897395;201.849357
13,98288;14,09571;12.21049;203.070571
9,185348;19,90431;7.771201;203.308558
12,98989;17,27242;12.01529;203.631197
14,2185;18,22354;14.33017;203.783788
8,445934;5,735679;7.323281;204.581657
14,04593;4,710071;12.29461;204.68372
11,38517;5,971213;9.66666;204.871227
11,48032;12,9739;9.799092;206.144422
11,47459;13,51442;9.791233;206.22916
11,98244;10,31172;10.36379;206.399704
10,09845;17,15959;8.435778;206.46755
13,09411;11,85096;11.33043;206.535378
5,629961;6,849218;4.516016;206.536377
8,040816;19,40024;6.556019;206.537357
12,4692;12,68684;10.75873;206.538338
9,192958;8,064001;7.859519;206.538338
13,83601;8,316658;12.12846;206.539336
5,847457;9,456521;5.238928;206.540334
8,24347;4,900286;6.859115;207.180748
5,439126;8,047351;4.265726;207.196709
13,58612;6,680151;11.93553;207.637501
12,6685;6,574955;11.09452;207.791125
7,518152;19,9791;6.370024;208.928177
13,56438;16,02123;11.78126;209.505667
11,96568;17,98849;11.99797;209.862266
8,581344;3,553718;7.021646;210.338938
5,938637;8,718461;4.781812;210.662069
9,377628;5,461157;8.051416;210.694982
13,54476;5,029216;11.76333;210.796711
8,249576;10,68535;6.773084;211.510651
7,732393;18,71148;6.425877;212.343068
9,532305;17,01486;7.988341;212.37598
7,230036;3,679943;6.362203;212.852173
6,53107;7,938206;5.361344;213.191332
7,336854;7,830475;6.000075;213.259164
5,519228;11,27332;4.480251;213.344446
7,740737;9,854266;6.419531;213.566494
7,741476;10,19016;6.273511;213.585442
9,043926;8,543057;7.61105;213.602398
5,076624;7,377923;4.156651;214.195325
7,75436;8,867741;6.707619;214.723003
6,438993;11,09879;5.841167;214.824733
11,39593;10,00072;9.680709;215.404764
13,22406;8,271797;11.45725;215.659054
10,81824;14,39505;9.387257;216.099873
8,428724;17,1385;6.907899;216.388103
4,563982;11,24461;3.62846;217.188319
5,947213;9,666137;5.076857;217.32392
5,976956;12,40555;4.832445;217.544361
10,32879;11,11996;8.654791;218.207146
12,2848;15,22635;10.72634;219.219032
9,966276;17,69727;8.599127;219.219999
10,3864;18,96896;8.728295;219.466342
9,348279;4,71998;7.747985;220.182277
11,05041;5,024011;9.345211;220.369776
10,12774;7,051444;8.464627;220.686928
9,077822;9,771392;7.546015;220.857472
7,08765;15,16182;5.67494;221.131746
6,154493;18,8808;4.841618;221.731177
7,715813;14,67411;6.750714;222.226513
4,561842;9,301847;3.638395;222.294854
8,615761;9,590448;7.128968;222.295852
13,75183;17,6264;11.96448;222.29685
6,79235;13,91794;5.453061;222.297847
7,937951;14,66616;6.466092;222.298844
7,340018;8,458686;6.267931;222.299842
5,594661;3,283682;4.389617;222.300839
8,022676;12,71967;6.525023;223.839259
6,007367;18,36563;4.838743;223.960934
6,634748;17,4796;5.260353;224.027756
8,170864;17,18984;6.631799;224.734864
10,09418;16,82854;8.714518;225.074488
11,56684;16,62647;9.873462;225.384664
10,26851;19,10103;9.358356;225.418579
7,42065;5,595667;6.527364;226.122295
7,934066;7,641468;6.472781;226.359665
5,597604;18,03663;4.381431;226.902826
6,077581;15,67653;5.431623;227.004716
6,62436;16,81601;5.450894;227.563309
7,049993;17,48277;5.673286;227.661049
13,88372;10,52376;12.13397;227.784734
6,639753;4,37852;5.521894;228.290365
10,34445;7,171889;8.729342;229.005073
7,397341;11,91543;6.467106;229.266666
7,747379;19,42168;6.686319;230.289435
14,11229;15,43786;12.34583;230.717684
13,12645;19,41963;14.73209;231.524787
12,75481;19,6191;15.58042;231.583781
7,308155;3,537166;5.847735;232.155819
7,674107;9,865804;6.511193;232.943364
7,724352;10,12403;6.344201;232.945357
5,770266;18,90789;4.984636;233.789803
8,186519;17,75712;6.692492;234.277064
9,589728;18,08815;8.032053;234.425635
10,24704;17,23631;8.637335;234.493454
5,698278;6,324046;4.706429;235.110804
9,303988;4,844515;7.780227;235.233099
7,277082;6,472254;6.015652;235.270997
6,361485;9,987496;5.086521;235.489413
9,75707;8,206537;8.160893;235.784443
7,575659;14,35042;6.257095;236.204362
12,21844;15,20576;10.48148;237.331969
6,959093;5,647096;5.576036;237.950618
6,128126;6,974046;5.429961;238.053343
10,35045;5,015191;8.913944;238.178012
8,577195;6,675887;7.286051;238.265777
13,89387;6,323146;12.10968;238.529073
8,552464;17,43327;7.08767;239.630612
13,11867;15,69955;11.41278;240.249957
5,653323;3,614923;4.434458;240.615494
8,626232;6,360823;7.060996;241.129757
9,779381;8,861319;8.314517;241.647412
8,433614;11,1212;6.91971;241.714231
9,619286;14,496;8.26605;242.489193
12,8833;14,51105;11.17308;242.945937
9,560065;19,86472;8.231864;243.281554
6,325283;9,814435;5.109974;244.221778
13,40589;5,355115;11.63263;244.289597
8,248431;10,74207;6.715488;244.806496
12,84073;11,1518;0;244.961044
10,86716;12,12925;9.327367;245.523678
13,10913;11,38621;11.39381;246.208844
13,73752;16,93821;12.52124;246.400893
6,290469;7,047713;5.406133;247.117477
7,467025;12,59735;6.216943;247.87299
7,748782;16,71771;0;247.941814
13,63798;8,569213;11.99014;248.009603
7,982476;13,95356;6.62799;248.179155
7,532648;18,61571;6.304899;248.823959
12,57797;16,95639;11.36642;249.537044
5,620645;6,480923;4.778729;250.148304
6,531147;10,32565;5.33215;250.572209
6,932269;12,85264;5.768646;250.980113
6,151801;15,06417;4.898601;251.065361
7,582724;11,92029;6.344948;251.099303
10,14892;12,40808;0;251.117253
11,63426;10,72086;0;251.133181
5,279983;5,968867;4.199336;251.625533
8,298301;7,862877;6.894299;252.187086
11,5857;8,311821;10.0755;252.797944
9,725009;11,58062;8.133199;252.902446
8,612734;12,42526;7.144138;252.903409
8,919722;12,17834;7.382798;252.919396
8,765394;13,29416;7.525996;254.039152
6,391673;5,948824;5.042777;254.614563
6,326897;9,003234;5.180892;254.9228
4,956454;12,71927;3.946742;254.972663
5,95764;11,17732;4.810996;255.058402
9,265077;14,15089;0;255.70268
6,832284;15,53255;5.495047;255.940101
14,1538;14,96987;12.38192;256.807003
5,815989;4,238955;5.20033;257.264779
7,498734;9,176014;6.479903;257.961252
8,68026;8,717226;7.108096;257.978205
9,718179;12,27761;0;258.333778
8,950619;16,39455;7.480648;259.098241
10,0563;16,44665;8.430095;259.386477
14,28354;16,76352;12.90415;259.912634
7,914458;5,037493;6.580164;260.557911
5,552802;8,508774;4.386202;260.642191
7,668947;15,51021;6.17631;261.864239
12,35628;11,82903;10.62453;262.186848
8,872893;16,50691;7.600893;262.237713
11,68541;14,99373;9.957199;262.679678
14,09492;11,58959;12.39631;263.272102
6,675094;6,896788;5.29493;263.985321
12,94338;3,99988;11.3288;264.036184
13,02322;4,201169;11.2613;264.08705
8,086022;9,270306;7.007699;264.492996
9,954198;9,824982;8.470057;264.866965
9,024619;16,65116;7.639888;265.647563
11,91247;18,9543;12.99877;266.784636
11,99123;16,67279;10.25285;266.852443
14,00988;10,69037;12.33758;266.853426
6,934647;15,63676;6.000717;266.854425
13,50757;15,68838;11.81393;266.855425
4,983731;5,859228;3.923416;266.855425
6,851836;11,98102;5.455004;266.856469
9,340976;12,09142;8.027887;266.857419
8,201741;6,392725;7.168178;267.717633
12,46488;10,95674;0;268.549555
12,68893;9,453314;11.09314;268.583496
9,881034;11,19435;8.525702;268.617884
12,01625;14,32159;10.2773;269.500069
11,96456;14,89752;10.29226;269.627709
11,1106;18,59244;10.68467;270.000774
8,084245;5,40318;6.715019;270.696936
10,17656;4,354291;8.608894;270.712893
9,182874;5,956067;7.582484;270.866516
13,11233;11,67444;11.3862;272.157109
12,43729;12,06622;10.72249;272.258854
10,17354;13,13466;8.506264;272.940595
12,24526;17,33258;11.38181;273.198469
5,559723;8,236513;4.539947;273.940481
10,87879;6,471127;9.246585;274.348391
9,376374;10,64598;7.7512;274.773855
12,06745;10,91991;0;274.89305
6,051432;19,09998;4.784703;274.927946
9,752933;19,54893;8.440601;275.74276
10,95103;19,05513;10.37103;276.478854
6,113214;9,731745;5.044962;277.393925
8,805435;7,517176;7.627623;277.566038
6,230518;19,64036;4.911771;278.674178
8,28503;14,72429;6.883738;278.894599
9,605212;16,96807;8.165668;279.03289
11,95885;11,39969;10.23468;279.562039
13,40259;19,1679;15.2937;280.020309
8,373032;5,401541;6.812765;280.718987
9,549689;8,038426;7.981211;281.23104
8,03993;9,567414;7.001916;281.28191
10,18165;12,51409;0;281.656901
12,88035;8,673071;11.21537;282.507412
7,387898;17,9975;6.526396;282.796799
12,35921;18,28986;13.28933;283.379262
13,7598;5,228284;12.07521;284.357349
13,3095;10,58828;0;284.952085
14,274;11,42571;12.6138;285.531832
14,54958;12,17008;12.87918;285.616061
7,943005;19,00348;6.745566;285.769119
11,72797;14,5375;10.00811;286.058346
10,60189;17,68904;8.976542;286.32982
13,72718;4,500323;12.00081;287.193515
10,00754;5,642241;8.53008;287.262359
5,969135;10,3276;4.798316;287.279284
10,43037;12,3638;0;287.978543
7,556484;18,94393;6.445515;288.743244
12,59791;13,59903;10.86716;288.862923
10,1399;14,07888;8.632428;289.254128
5,765271;12,86716;4.833614;290.425946
8,639079;9,273846;7.27203;290.528696
7,961594;16,29262;0;290.833879
10,27942;13,59404;8.774363;291.489135
8,595322;18,51235;7.075218;291.673636
13,84665;10,33473;12.08603;292.100135
12,94805;16,77637;11.57289;292.357931
9,150891;6,138882;7.59281;293.245163
10,84235;6,339147;9.394062;293.48552
5,128792;16,74787;4.017068;293.62016
10,43198;8,542989;8.772823;293.761792
6,150471;14,59459;5.384208;293.829611
10,33171;8,13788;8.745928;293.86352
7,93902;13,18026;6.914814;294.069487
13,3027;4,016112;11.5293;294.850406
13,32496;4,04275;11.6779;294.851399
12,55108;4,104567;10.82423;294.870346
5,556762;9,282573;4.780162;294.926205
10,99741;5,447431;9.538534;295.06383
8,55071;19,67813;7.00089;296.629916
6,68559;18,29403;5.312819;296.630914
6,893082;11,82531;6.085541;297.974813
8,866684;14,19201;0;298.267033
6,842609;16,41337;5.456913;298.573219
12,22373;12,70033;10.68666;298.981957
9,05532;18,96657;7.475735;299.237828
12,07935;14,43656;10.47067;299.339556
12,30325;11,03889;10.7233;299.372465
8,277572;4,28694;6.747927;299.941975
9,021432;5,121621;7.423019;300.093263
6,090418;9,775946;5.491892;300.401413
11,65497;10,36769;0;300.892722
12,11679;9,063953;10.37933;301.09916
9,756023;11,69831;8.13222;301.166961
8,502168;16,88261;7.338291;301.678101
9,717113;3,776075;8.328959;302.276446
8,138498;5,233285;6.607718;302.34461
12,291;7,583977;10.62838;303.124695
11,16653;9,719054;9.574314;303.41288
8,374599;16,59723;6.954708;304.653628
11,99371;17,87823;12.10195;304.960836
11,70903;19,05223;12.99418;305.198171
10,39765;3,851599;8.725015;305.842798
11,03629;5,860956;9.457402;306.249301
13,59629;7,900299;11.87074;306.784587
13,08172;10,91073;0;306.889321
11,73232;12,6487;10.14036;307.549573
9,551526;18,12696;7.961678;307.856286
11,81884;19,99442;14.0323;308.87462
5,75909;6,140931;4.548048;309.420151
8,264579;4,782681;7.009646;309.523413
10,24678;5,128118;8.822664;309.742883
7,882497;10,96743;6.397395;310.202179
8,116839;14,70778;0;310.38868
13,90781;8,604092;12.16558;310.510361
8,640262;14,92098;7.137953;311.74674
5,912612;6,50725;4.833212;312.358644
5,82693;9,413342;4.572989;312.581048
5,255146;10,44505;4.514366;312.664813
9,457563;9,054712;7.88407;313.184919
6,554897;14,47336;5.941179;313.357454
10,52787;10,13776;8.846828;313.458663
10,32362;15,4157;8.687563;314.242563
13,45313;13,8702;11.67735;314.310383
13,53671;3,779934;11.76717;314.312384
8,438073;16,24385;7.267806;314.314373
9,018476;4,688577;7.506008;314.314373
11,00544;12,18936;9.301266;314.31537
12,2452;8,26498;10.63107;314.316368
6,226792;3,257415;4.957178;314.316368
9,250311;4,540409;7.878026;314.997711
10,31799;5,660731;8.780019;315.269019
13,91958;5,237336;12.28098;315.302927
5,641189;14,27381;4.502846;315.438563
6,889059;7,587861;5.50792;315.674904
14,38406;15,07436;12.69969;317.069685
10,42465;17,25315;9.1934;317.205292
4,911066;7,834307;4.027091;317.821251
10,27741;7,348083;8.617093;318.400866
8,172316;9,563676;6.866614;318.485635
11,54471;7,274182;9.910275;318.553
13,85973;7,604496;12.09013;318.653751
10,9042;10,49036;9.327904;319.044675
13,77602;9,01486;12.1024;319.197268
9,838584;3,238469;8.186944;319.724235
4,823213;16,24177;4.035784;320.149626
12,72562;5,987101;10.96441;320.4219
6,248747;13,943;5.210847;320.573525
6,719535;17,35857;5.600533;321.083139
6,527276;15,17001;5.94563;321.184866
12,03924;12,06334;10.31029;321.440695
6,716815;3,438966;5.878157;321.849113
8,232459;7,302392;6.700306;322.357786
9,67982;6,471748;8.042969;322.425573
11,30093;8,282571;9.656223;322.933754
9,142322;13,31441;0;322.968693
5,638946;19,03654;4.911457;323.296728
12,83403;14,81507;11.10552;324.176933
5,856576;4,111461;4.767387;324.567258
8,220682;3,107725;7.051617;324.618123
4,775455;6,257254;3.782558;324.634079
6,589118;5,433203;5.21061;324.720266
6,079762;9,280417;5.123878;325.076345
10,61303;14,58559;9.032432;326.622364
10,69604;18,24263;9.206209;327.267168
4,718068;7,299156;3.978034;327.84476
8,066695;6,134247;6.852125;328.08263
10,34897;5,474029;8.898902;328.201319
11,41754;6,071317;9.816224;328.404745
14,19115;6,611887;12.40392;328.523452
11,01558;15,27658;9.311641;329.916313
12,80875;18,40677;13.44987;330.679894
8,538086;4,888033;7.075743;331.341675
7,84679;5,165793;6.820301;331.358663
5,013629;12,80585;3.946896;331.646863
9,567466;10,29218;8.033811;332.447352
10,57441;13,50533;9.090219;332.923378
10,07928;14,22294;8.662215;333.00812
9,541121;18,93599;8.23628;333.567627
8,499928;6,846213;6.939018;334.477076
5,97815;14,86062;4.733172;334.900945
12,83746;7,739439;11.20341;335.138309
7,012584;13,48089;5.759801;335.818025
9,141033;13,06086;7.584956;336.149136
13,74914;14,06822;11.96282;336.192022
11,98378;17,95052;11.80835;336.915479
7,378469;10,24714;5.918239;338.137358
7,702739;12,80433;6.313425;338.679652
13,76742;9,063091;11.99811;338.809305
9,543406;15,78938;8.039591;339.375086
12,92123;13,02883;11.17644;339.442012
11,06168;14,24056;9.379272;339.492874
13,50042;13,59064;11.80599;339.578646
14,23966;3,473753;12.49441;340.394022
10,21091;7,300632;8.759224;340.928614
11,35522;9,19407;9.670199;341.358906
12,79388;12,35162;11.10669;342.027136
13,91353;12,44773;12.17822;342.030109
9,71663;12,1557;8.154246;342.075009
8,34866;17,03874;6.792899;342.874479
10,19861;3,357686;8.539272;343.491381
11,31073;6,627845;9.598953;344.163101
7,259739;11,90541;5.805935;344.23297
12,07223;11,13634;0;344.639474
12,23922;12,68007;10.66393;345.234054
8,119009;16,73698;7.122819;345.762921
13,99807;18,00373;14.19109;346.228194
8,180422;4,371506;6.909337;346.823602
10,19788;5,118141;8.53789;347.061007
6,412024;10,09376;5.058929;347.197119
10,58008;7,597991;8.98935;347.525016
7,261488;18,75623;0;347.922948
9,42129;11,90488;8.157891;348.058583
9,745252;16,221;8.346937;348.738766
14,50317;5,427248;12.76831;348.814089
7,219196;3,964272;5.797748;348.815104
5,264931;16,9249;4.341365;348.816085
9,768473;7,544574;8.384547;348.81708
14,05797;19,70673;12.29884;348.818082
5,792326;4,660413;4.586547;348.820073
10,24244;9,508671;8.693963;348.821074
5,139143;5,389101;4.042515;349.241809
10,9685;6,133944;9.429485;349.908543
8,619568;8,48443;7.041464;349.94245
8,109185;16,64897;0;350.468045
7,547552;14,19694;6.087004;350.688534
9,220207;10,08762;7.726548;350.739429
14,40921;13,34464;12.74108;351.300159
7,032245;4,608735;5.809401;351.829742
11,58723;5,303201;10.01521;352.296294
10,24628;6,323528;8.577847;352.329205
6,731314;16,30861;5.400614;352.945922
7,266521;19,57019;5.977637;353.589205
8,425709;18,5421;6.918495;353.67298
7,901611;18,09715;6.467542;353.72484
5,000575;5,775212;3.961051;354.18639
11,03672;3,583274;9.356859;354.372892
12,5373;6,213118;10.79445;355.152836
13,68525;8,24814;11.92367;355.289476
12,83497;9,833179;11.11456;355.527633
6,745771;19,72422;5.93031;356.392271
14,5521;16,40542;12.83349;356.783764
6,298677;13,901;5.758701;356.851581
6,576351;19,66298;5.87383;356.852581
8,404881;4,708722;6.873984;356.852581
6,33075;7,087844;5.558339;356.853578
9,612757;16,87821;8.111119;356.854577
14,11848;3,303809;12.38354;356.854577
5,234257;19,05819;4.391462;356.855574
11,37426;4,788487;9.656715;357.737262
8,659352;6,766788;7.205078;357.788129
11,03635;6,318447;9.575974;358.008575
6,89153;13,18605;5.74119;358.365092
10,17331;8,93233;8.734668;358.382091
14,24497;17,41281;13.74539;360.081884
13,137;19,83948;15.6682;360.523721
5,366554;7,284447;4.545447;360.591053
7,108275;16,39264;5.986284;360.592048
7,288102;10,6008;5.994865;360.592048
13,23225;14,19042;11.52254;360.593047
10,80608;15,68524;9.129695;360.594045
9,87751;6,539946;8.230021;360.595043
13,56997;12,81712;11.78672;360.595043
6,839533;5,7062;5.860907;361.236842
10,83038;8,05178;9.256722;361.999515
13,23789;7,784166;11.56107;362.102241
6,594574;18,31086;0;362.187018
13,6039;8,668059;11.82047;362.220955
8,194886;13,07933;7.093144;362.32265
8,860483;16,09725;7.298035;363.503138
8,045436;15,88394;6.777003;363.570955
11,92012;6,405231;10.19143;363.571951
6,729672;3,832252;5.332854;363.572953
5,685338;12,18168;4.843744;363.573947
9,689097;12,83484;8.173367;363.574944
6,624257;13,92404;5.917969;363.575941
8,198099;14,78601;7.112107;363.576938
11,90008;3,794098;10.17901;364.314475
4,983397;14,72538;3.921431;364.688635
13,40953;8,899309;11.68685;365.265769
9,925046;11,3284;8.44616;365.384961
10,81165;14,35334;9.117588;366.080644
11,69211;15,15636;10.11202;366.402752
11,36141;18,01262;11.17561;366.878541
11,80817;7,66849;10.09416;368.305507
10,94975;8,417274;9.355247;368.356372
6,114658;15,88208;5.289989;368.441201
8,139083;19,27782;6.999021;369.37375
10,76785;12,95358;9.077569;369.747726
12,88736;16,79453;11.12465;369.984354
11,63938;16,83998;10.78785;369.985354
8,822913;3,449138;7.416983;370.51248
7,843042;5,446555;6.624315;370.683026
11,79462;5,885174;10.1149;371.110882
9,851718;7,789401;8.492764;371.248709
13,12142;11,8852;11.39958;372.210175
10,17746;15,91232;8.565875;372.51934
8,65314;19,85555;7.211578;372.620071
7,775545;9,497601;6.798869;373.848125
8,041429;15,13416;0;374.441539
13,2642;12,05958;11.59174;374.867366
7,934342;19,93216;6.704792;375.105709
13,60677;11,43275;11.82903;375.106705
11,56123;11,45588;9.849277;375.44582
14,09802;18,60269;15.28076;376.05662
11,22433;3,64907;9.754798;376.7412
5,747241;11,33414;4.50229;377.02943
11,16502;7,339982;9.590199;377.385461
5,816825;19,02393;4.584452;377.674227
9,448091;10,02056;7.881182;377.792947
12,92258;9,665235;11.16543;377.861759
12,23391;11,05676;10.56283;379.068119
13,06632;3,673142;11.33307;379.782464
9,985179;5,057528;8.527795;379.902146
13,97545;5,61549;12.26681;380.138541
14,22266;6,032049;12.56863;380.224286
14,10273;7,518891;12.31205;380.47812
12,09554;10,34186;0;380.596717
8,300976;13,10954;7.115576;381.039697
8,177452;5,652681;6.723927;381.753792
4,912673;14,24444;3.87343;382.080913
13,82542;11,27126;12.17939;383.219893
13,10205;12,64668;11.40578;383.389442
12,16499;13,16119;10.5011;383.475249
13,41261;16,53296;11.64185;384.104311
13,41024;19,37377;15.65239;384.611985
4,868989;4,090056;4.087716;384.952045
5,340466;11,12347;4.243875;385.513149
7,709071;9,230553;6.261385;385.701644
6,727076;14,50262;5.332424;386.532313
9,303989;16,5419;7.730672;386.973135
13,76093;13,22577;11.98041;387.058907
12,63659;15,81704;10.92359;387.533871
9,88413;3,371823;8.40243;388.078417
7,01015;5,739201;6.160489;388.213088
6,935931;11,03997;6.215261;388.825199
10,65619;9,710287;8.967485;389.198789
8,130038;16,388;0;389.215743
13,42895;9,168424;11.82137;389.554872
11,71335;18,66746;12.31815;390.982469
11,72769;18,46105;10.07822;391.050275
6,123288;13,48246;5.246029;391.051273
5,344706;6,81624;4.278251;391.051273
13,32436;17,24999;11.54825;391.052269
10,59614;13,62261;8.911118;391.053299
9,08361;13,93485;7.495629;391.054268
10,99003;9,178635;9.498274;391.055262
7,085953;5,888032;5.664107;391.699118
9,912979;5,033154;8.492452;391.885584
5,03531;13,2099;3.95593;392.038756
6,710362;10,50497;5.389428;392.208335
13,63206;8,963807;11.99201;392.716946
12,16148;12,34641;10.41736;393.350288
13,97203;19,21618;15.9941;394.604991
7,354796;7,215496;5.947368;394.672807
6,335454;18,56191;4.993987;394.673804
9,619671;17,4589;7.980539;394.674804
11,92281;3,705878;10.32878;394.675801
6,577712;3,19051;5.326112;394.676544
7,550672;12,19149;6.16461;394.677476
12,39175;14,29388;10.76705;394.678474
6,246253;7,110514;5.365042;395.403599
11,67914;4,33235;9.983962;395.505329
7,187941;11,11549;5.99918;395.929196
7,302561;12,18862;5.8569;396.081813
5,965135;16,2321;5.027787;396.201129
6,84999;19,20998;6.111268;397.236796
14,091;16,29536;12.38679;397.708262
7,647813;3,863706;6.204261;398.177948
5,592237;9,498194;4.641129;398.559361
5,91347;14,71519;4.654812;399.000218
6,850873;13,50737;5.473;399.101912
8,261165;10,04835;6.905463;399.186718
9,152123;12,13761;7.716045;399.459205
11,43213;8,059879;9.804704;399.578479
5,83061;4,259448;5.161732;400.020918
6,647604;7,208711;5.530365;400.344395
9,491968;5,239168;7.887233;400.361347
5,964911;12,73988;4.923562;400.837075
11,24802;10,74651;0;401.07541
11,73442;8,321424;10.19308;401.143258
11,24728;17,27141;9.616934;402.638187
4,799597;3,582078;3.954746;402.926473
10,23127;5,71071;8.615802;403.554271
11,61419;7,765727;9.887542;404.083203
7,196383;14,58656;6.057929;404.286628
10,81171;9,678902;9.152184;404.303583
7,432325;17,34676;6.364988;404.880053
8,243139;15,4468;7.057217;405.592779
7,079709;3,930682;5.99443;406.068494
13,01781;3,442547;11.29376;406.25601
5,011609;15,46658;4.233643;406.816602
5,888482;13,56581;5.177413;406.918332
13,98981;8,208853;12.25197;407.563138
8,595304;18,86442;7.033999;408.053795
8,619869;15,02823;7.455977;408.377822
12,44625;5,232896;10.8657;409.362284
9,031995;17,36013;7.601443;410.719142
8,706675;17,08736;7.151217;410.837824
14,30328;13,36266;12.56614;410.972496
12,57129;14,82831;10.90176;411.126053
13,83244;15,34978;12.05454;411.228354
14,409;19,99188;17.36659;412.06094
5,148785;5,274316;4.392702;412.518691
9,721525;3,918594;8.081401;412.65433
10,17481;3,775596;8.511996;412.688238
8,758992;6,560116;7.569531;412.993013
13,57593;9,310169;11.82145;413.809692
9,580085;14,10045;8.036194;414.420089
14,07459;14,78894;12.38406;414.793967
6,852842;6,072423;5.500008;415.450261
8,045951;6,428467;6.5419;415.602853
10,44834;8,80547;9.037705;416.281038
11,32053;9,796157;9.717997;416.62068
7,447772;13,98883;6.595005;416.944883
9,864223;12,03846;8.451014;417.537298
10,05857;13,67007;8.485667;418.062933
11,70239;3,884717;9.973985;418.814072
12,0367;4,7967;10.30438;418.984646
12,69661;6,565554;11.00215;419.32374
8,481915;11,41857;6.915565;419.563223
10,82895;9,422105;9.244695;419.749728
13,98153;11,17666;12.26671;420.241412
7,680657;19,11102;6.696477;420.46179
6,05653;11,44847;4.818693;421.514029
4,954903;14,094;4.036843;421.548927
7,227545;10,78508;5.856738;421.651186
6,794385;17,27074;0;422.028175
8,769707;12,12733;7.44729;422.098011
5,74683;19,98469;4.598748;422.300446
8,89207;14,95461;7.312546;423.10515
11,9455;4,361146;10.39791;423.941945
9,033056;6,823687;7.834897;424.128416
8,721416;9,771111;7.20007;424.434045
11,69336;10,44551;0;424.653521
10,97971;17,9968;9.334349;426.199806
14,11301;18,08177;14.51939;426.459116
11,12343;19,77553;12.37059;426.645647
6,19738;4,292774;4.896406;427.08183
6,811526;8,05414;5.409554;427.480835
6,477547;9,979981;5.114117;428.125673
6,123141;16,90103;4.816253;428.176505
10,01284;10,47725;8.510309;428.337074
14,03691;15,94477;12.28421;429.609164
11,45978;17,56171;10.688;429.875449
7,209837;6,003997;6.157284;430.615226
4,605357;19,09881;3.638774;431.250231
9,084682;9,934319;7.510468;431.341984
11,8556;12,26839;10.23305;432.12239
14,22934;12,52324;12.45909;432.396188
7,66775;15,89897;6.384501;432.482479
9,805395;17,74431;8.47011;432.726827
10,7734;3,365993;9.126583;433.39506
7,538887;6,738429;6.097484;433.569592
8,554438;10,63375;7.048312;434.184302
14,11595;13,31451;12.32858;435.23272
8,460781;19,49483;7.202895;435.374343
9,382499;13,02665;8.051267;435.408252
7,174469;16,84665;6.304183;435.459114
8,528343;3,640182;7.254183;436.00366
7,642323;8,241446;6.144242;436.441115
12,98116;11,56102;11.26893;437.753311
11,24517;13,87201;9.532939;437.923878
14,06127;16,81228;12.57079;438.58795
12,0145;17,44145;11.30949;438.705597
13,18328;18,31957;13.71859;438.85819
9,735513;3,53837;8.142156;439.430659
7,025346;18,11233;0;440.372127
13,96969;8,184484;12.18002;440.374094
9,132424;14,31834;0;440.508728
8,224721;17,23555;7.184177;441.153621
10,10907;10,53041;8.445436;441.205485
13,39315;12,85615;11.61854;441.239393
7,640114;7,539175;6.70934;442.213831
13,34733;5,408763;11.67134;442.258746
11,50574;6,773311;9.78311;442.480117
14,64413;10,49513;0;442.802179
10,3153;13,31527;8.721555;443.446457
12,69997;12,33019;10.97176;443.513307
13,08982;11,4471;11.32077;443.905255
5,521176;10,09294;4.430492;443.974082
8,994922;12,50324;7.632747;443.976063
13,64743;5,539249;11.91321;443.978058
10,27666;12,9526;8.907461;443.979056
7,765813;4,442612;6.624497;443.98105
12,01601;18,3049;10.36756;443.98205
11,35439;4,257882;9.645058;443.983046
6,946726;4,661416;6.084253;444.541814
13,11014;7,801262;11.41786;445.475313
9,996174;12,40607;0;445.525167
7,694519;16,03972;0;445.64385
7,679004;14,30586;6.525919;445.780558
11,14006;10,05741;9.673347;446.01751
12,29957;14,34847;10.5663;446.665918
6,043815;8,577373;4.760904;447.466346
5,995597;10,57783;4.856578;447.636616
13,35896;5,707718;11.59509;447.755301
14,20207;13,92425;12.43914;449.180292
10,96138;12,45045;9.364086;449.314949
9,167379;18,06309;9.154828;449.366813
11,14876;15,69344;9.46814;449.417645
7,677625;4,177499;6.708055;449.962196
4,922621;7,852534;4.018489;450.030043
5,067581;10,42089;4.140661;450.231977
8,19103;16,0668;0;451.050134
8,406701;17,28257;6.848082;451.557741
8,565795;19,83385;7.18158;452.067191
10,66424;13,1736;9.103082;452.253726
4,94465;8,466297;4.111096;452.91647
7,32836;11,66504;6.418631;453.799736
6,948306;15,78773;5.549095;453.900967
7,675722;17,66535;0;454.00569
10,03951;18,98708;8.383697;455.20907
14,47785;17,79717;14.50628;455.549608
12,74272;19,75734;14.96628;455.905689
5,405093;5,609985;4.229351;456.380933
7,234596;11,32183;5.79342;457.21225
6,2173;15,04925;4.953393;457.31397
13,06694;10,32866;0;457.432627
6,324883;18,09251;5.190768;457.738805
10,53993;8,356789;9.010829;457.959246
14,60014;12,24018;12.88885;458.179671
11,27829;5,061684;9.804161;459.129621
4,316459;16,5067;3.468879;459.265223
5,442045;17,86471;4.591275;459.707619
7,471742;12,37172;6.073199;459.708615
11,7578;12,03536;10.21835;460.419733
6,098155;19,32123;4.937994;460.452677
10,03507;19,73061;8.38385;461.235145
5,09997;17,34712;3.994845;461.310294
11,08321;4,774195;9.618343;461.311259
8,192364;18,64979;6.673346;461.312295
7,462258;11,95566;6.081823;461.313256
9,529783;3,677981;8.029434;461.314254
11,29712;12,6932;9.583617;461.315281
6,739483;13,35051;6.058246;461.316247
7,997643;7,295689;6.742501;462.244873
12,39133;6,321998;10.79527;462.499189
12,39768;8,1514;10.80981;463.043304
7,70483;11,19411;6.755261;463.144522
7,856414;15,17477;6.614015;463.756038
7,310928;16,01972;6.220278;463.994412
13,86325;12,03394;12.19434;464.180936
9,719597;4,421926;8.353151;464.879824
6,249396;19,80944;0;465.626431
12,6408;9,817386;10.88661;465.952161
11,73627;12,91383;10.03365;466.581323
12,45655;10,71047;10.81341;466.953327
9,812945;13,13135;8.497356;466.989231
11,47933;18,00928;11.56844;467.500094
9,522639;6,386073;8.023976;468.468339
7,144272;10,888;5.994737;468.721651
8,034857;10,51669;6.838726;468.841356
4,85858;19,36661;3.85444;468.910172
7,928175;16,44772;0;469.146574
8,348397;18,03508;6.824338;469.757484
10,90611;8,163897;9.364251;469.758482
4,305916;9,226578;3.467311;470.371842
11,26261;5,537066;9.549365;470.764363
5,489426;11,63109;4.685756;470.781318
6,268004;13,88495;5.477222;471.206214
5,284654;17,97437;4.138983;471.323899
7,066844;14,8224;5.820111;471.357779
10,03414;10,18706;8.694915;471.459506
8,745661;3,564372;7.159827;471.959782
10,76268;3,661815;9.243662;472.094453
4,741637;8,726991;3.785715;472.096419
12,04701;5,326083;10.31747;472.470054
7,818267;10,73748;6.336143;472.775758
8,252647;11,25448;7.100257;472.955273
8,044044;13,798;6.699406;473.685417
9,421139;4,859966;7.866143;474.414572
6,567532;10,06625;5.219712;474.703798
4,362985;17,70171;3.541037;474.87335
11,95858;6,215972;10.23266;474.87534
13,51001;6,441762;11.79455;474.924209
13,24381;13,98678;11.52796;476.284275
10,33338;18,91479;8.692575;476.742045
7,797216;16,91262;6.453674;476.811866
5,485005;13,7549;4.299344;476.813853
6,277839;8,405429;5.699907;476.814849
10,08193;14,38349;8.418246;476.815847
8,798643;11,17265;7.621629;476.816843
6,704416;14,99696;5.694024;476.817841
11,69964;15,06954;9.979734;476.818839
6,975242;4,17665;6.10855;477.346165
10,54574;5,876081;8.922394;477.8029
11,08823;5,940501;9.507458;477.904659
11,42649;6,065916;9.857226;477.942526
6,549477;11,54324;5.765945;478.299612
11,52416;10,98154;0;478.536977
9,83717;12,94793;8.326963;478.946372
6,309472;6,775519;5.030341;479.62743
10,41939;5,420868;8.757755;479.865337
6,365725;10,71853;5.019067;479.984019
12,68101;6,37867;10.96791;480.222107
13,76927;13,12426;11.99185;481.409002
6,334494;19,24105;5.687981;482.126469
12,18677;11,48893;10.60247;482.346914
5,885558;5,154341;4.766255;482.8386
5,745975;6,580358;4.518272;482.941079
6,050262;6,370289;5.143651;482.973024
11,99738;3,529449;10.32668;483.04285
10,55541;4,783869;8.998891;483.178456
13,00937;7,794214;11.25142;483.822983
12,15773;13,17108;10.54816;484.806963
7,6966;3,052188;6.290085;485.197907
10,19164;4,977696;8.671135;485.639754
12,36655;5,814157;10.6158;485.92796
8,258066;11,29685;6.738828;486.232688
9,544284;11,91023;8.258114;486.965063
11,85786;12,29046;10.18113;487.1007
14,873;13,11062;13.18687;487.236344
12,2193;3,431404;10.66298;487.897336
7,514696;9,296608;6.431176;488.357233
11,40532;6,069079;9.775956;488.35922
6,021058;16,81789;5.248009;489.069354
14,44727;14,25849;12.77769;489.883756
7,333768;19,05429;7.108526;490.121168
14,21113;15,92029;12.45731;490.188941
6,094031;3,454194;5.175241;490.561974
7,445429;3,641537;6.025555;490.646748
10,82403;4,150268;9.131835;490.918107
10,92561;6,373498;9.250167;491.309147
13,47893;5,984051;11.69805;491.375954
10,22737;9,033828;8.697338;491.701115
13,76202;16,29451;12.09185;493.194224
6,289377;10,90646;5.095811;494.265486
14,00967;5,82655;12.22049;494.298428
6,175702;12,40693;5.0299;494.366216
9,904524;7,888669;8.434645;494.434038
11,21862;17,15023;9.522674;496.215083
11,03893;18,9194;10.99527;496.521283
12,52678;11,43868;10.96504;496.538222
7,531504;5,042552;6.050196;497.11529
7,58758;7,414538;6.180394;497.404549
11,15659;5,201129;9.450047;497.455376
10,63494;11,52441;0;498.08321
6,238151;17,62552;5.08294;498.201894
8,252338;19,59988;6.975098;499.085493
11,54657;16,39149;9.865637;499.527309
9,311497;3,462793;7.724843;500.053871
10,72709;6,231355;9.176946;500.613285
6,733083;15,34427;5.346895;501.088983
9,177804;11,22858;7.928699;501.172757
13,96815;9,281611;12.24573;501.275484
13,9729;11,79884;12.26601;501.716345
11,97714;13,90252;10.23833;502.123227
13,92056;10,27863;12.19352;502.192046
6,202689;11,13155;5.42941;502.193048
7,573423;17,57393;6.52533;502.194046
9,859049;12,04319;8.419533;502.195035
13,44817;13,29734;11.67367;502.195035
11,85241;19,84792;10.28475;502.196033
8,189845;15,31017;6.803365;502.19706
11,19741;4,947876;9.486472;503.083253
8,382107;8,990921;7.120848;503.392895
6,876414;12,33914;5.496884;503.478665
14,54547;6,880234;12.81549;503.479662
11,44784;8,553665;9.935737;503.800804
8,585295;14,97597;7.101333;504.716433
12,6299;18,59044;13.39235;505.616535
10,36567;5,522761;8.689759;506.279713
6,069043;14,01604;5.296566;506.993276
12,05665;12,09147;10.31938;507.860794
10,32;15,18842;8.66205;508.064792
10,92705;16,30693;9.250027;508.412435
14,03259;16,3163;12.31948;508.64277
13,899;18,87028;15.35963;509.101828
8,059347;11,13149;6.572415;510.45895
8,033976;11,30386;6.73612;510.526799
5,726408;17,08885;5.031536;510.822646
6,063752;19,36985;4.783633;510.92434
8,134678;13,15285;6.593393;510.941295
13,815;15,51427;12.0331;511.961156
10,26935;18,4266;8.823269;512.100815
5,864964;5,200272;4.659721;512.576549
8,264946;6,364396;7.086123;512.968011
9,810922;6,75742;8.180885;513.138556
9,925103;7,174984;8.392971;513.240316
9,779421;14,45816;8.438335;514.428909
13,13844;14,68565;11.36729;514.824849
11,57731;11,71361;9.872448;514.874715
5,730587;12,8776;4.490503;515.960899
9,951982;8,214867;8.359865;516.164382
14,21067;9,662296;12.51214;516.677975
9,736761;15,96422;8.325243;517.339217
14,16867;14,04327;12.3731;517.473855
10,54481;12,00257;9.13508;518.03942
13,55392;19,1059;15.19278;518.397365
9,470886;4,870318;8.150399;519.160328
5,404521;11,3832;4.499744;519.364255
13,01011;5,159919;11.32696;519.381243
13,98913;5,649827;12.19806;519.466639
13,0048;6,124038;11.283;519.533459
6,029952;15,52122;4.904647;519.825406
12,37564;16,01818;10.62446;521.353581
6,034005;6,699835;4.91007;521.99934
7,324474;6,937425;6.363231;522.202796
7,150121;8,7424;5.775807;522.321476
8,550515;7,128808;7.287303;522.338462
14,40182;5,845558;12.6454;522.457147
5,886246;19,50526;5.108331;523.917093
13,07146;17,54242;12.56603;524.598913
5,149403;5,66454;4.094724;525.054693
10,94595;5,750289;9.492015;525.616156
10,65876;7,675135;8.983662;525.904021
13,60288;13,20634;11.81966;527.041552
10,4717;15,33947;9.009374;527.160235
9,11602;18,03323;7.659562;527.161235
13,05262;15,23956;11.28568;527.42134
6,708204;3,495323;5.332811;527.797869
5,289038;8,861837;4.641026;528.204782
11,554;4,914552;9.935549;528.357371
12,86913;5,662993;11.11188;528.476088
11,58256;7,647117;9.97053;528.849539
9,024497;10,62733;7.447249;528.916969
14,13915;8,832559;12.47655;529.054914
10,04469;3,228248;8.413516;529.584014
8,334573;4,42872;6.896523;529.633877
6,385389;10,40522;5.046795;530.058254
6,109546;11,06791;5.097023;530.126073
5,553041;15,99254;4.380451;530.397417
8,639899;10,86799;7.374494;530.567492
10,03211;14,22111;8.561333;531.31408
8,908575;4,006807;7.312857;531.877247
5,516322;6,957488;4.4591;531.928111
10,40641;4,404194;8.811796;532.064747
4,44745;15,08962;3.603175;532.339016
7,659967;9,502145;6.418934;532.456725
11,87617;7,422208;10.19961;532.761881
11,99864;19,25948;13.50731;534.885521
10,69019;3,494427;9.06926;535.565435
10,63563;7,073052;9.047231;536.09606
13,17879;7,608608;11.40531;536.316428
13,08889;8,805149;11.3742;536.541885
6,914636;16,07576;5.496779;536.55782
11,13188;16,11936;9.530774;537.694861
12,7507;19,67845;14.8277;538.527366
13,52455;4,732017;11.78222;539.443951
6,491286;14,55394;5.503788;540.021234
11,44097;8,140415;9.932718;540.054144
6,80566;18,25671;0;540.868936
8,464581;17,23448;6.926323;541.395781
14,36129;16,79603;12.99042;541.632609
12,7664;19,70544;15.0646;542.179581
9,627284;5,613229;8.108749;543.046817
10,0458;6,034935;8.385875;543.148551
10,17147;9,680576;8.505811;543.726466
9,337727;12,62944;7.715842;544.048636
12,11992;12,05657;10.58464;544.422158
10,00202;11,84355;8.520893;545.202122
13,54293;17,83099;13.67465;545.47243
5,343736;3,524031;4.189969;545.779186
7,648067;6,801549;6.186218;546.288457
10,89401;7,180271;9.451252;546.763708
11,29971;9,15981;9.687457;547.120793
10,00863;10,90724;8.472806;547.221495
11,15001;10,49378;9.442604;547.663253
13,9594;12,21046;12.16812;547.747314
7,507238;9,746995;6.04903;548.852912
8,019467;10,18558;6.597065;549.024368
9,869664;13,12484;0;549.396868
7,592289;12,76054;6.099656;549.447698
13,29537;9,506005;11.59552;549.549459
8,51073;17,61243;7.300706;550.14284
11,56686;15,69428;9.848223;550.618138
8,893977;4,29669;7.358341;551.21741
14,39204;3,171417;12.68248;551.218408
8,607164;12,30899;7.380774;552.302474
7,094783;15,80483;6.024274;552.404237
6,782753;17,73567;5.459679;553.082959
14,10831;14,96587;12.33689;553.388141
11,40591;17,14115;9.813929;553.69333
8,202147;3,752383;7.053338;554.220094
12,89131;5,292808;11.24337;554.695837
6,689983;11,38201;5.786427;554.932204
7,755391;10,66225;6.246831;554.933199
12,37642;9,407147;10.73099;555.459322
9,631521;16,42096;8.243116;556.207389
7,100942;18,13151;6.134236;556.783848
7,546609;17,06347;6.498985;556.85169
11,79248;11,34654;10.06022;556.852682
11,74473;4,686445;10.01709;556.853673
6,958332;7,924736;5.535357;556.85467
13,45384;15,99755;11.8017;556.855668
12,7842;4,618724;11.03722;556.856702
6,229964;6,86411;5.295079;556.857694
7,02399;6,009996;5.639822;557.505288
8,555238;6,913099;7.146276;557.792517
4,992198;12,90505;4.050828;557.844346
10,52572;11,04421;8.906558;558.776948
12,63527;15,97456;11.02318;559.787568
12,26115;16,98044;11.0579;560.007671
10,70112;19,56319;10.27148;560.143512
9,649727;10,04078;8.084184;561.67198
8,982759;11,87543;7.439396;561.808614
11,2577;12,08837;9.61877;562.589413
13,15079;15,58638;11.53074;563.047852
10,02781;15,21044;9.299648;563.116668
12,58396;10,14627;10.83008;563.357374
13,54901;18,19286;14.08679;563.516956
6,583123;3,128553;5.3315;563.857083
6,845998;5,92812;5.927352;564.195141
11,9153;4,162868;10.20542;564.31365
11,1393;6,893151;9.51056;564.73913
12,91186;8,540621;11.16097;565.028361
9,683507;14,7489;8.179672;565.756918
7,932779;19,49338;6.526944;565.874635
14,47698;3,003738;12.81012;566.452557
6,155547;6,49192;4.850376;566.48743
9,323896;9,289243;7.798371;567.233445
10,69752;7,878425;9.237414;567.234443
8,704695;19,94256;7.513845;568.65878
14,27071;10,17527;12.61726;569.100276
13,07745;17,85358;13.20249;569.185049
11,39055;3,246157;9.672411;569.798409
5,571216;6,591603;4.935283;569.814399
6,767943;9,475844;5.377485;570.153374
5,095271;15,13269;4.202181;570.409762
9,558013;8,715717;7.951685;570.528981
5,371048;17,33175;4.342684;570.715577
12,86621;14,23436;11.1088;571.833913
8,470861;4,495318;7.237571;572.466755
6,189663;6,785825;5.111505;572.500693
7,031204;7,548518;5.78691;572.653258
8,160829;10,77923;6.716014;573.196375
11,43982;11,10224;0;573.484636
9,542583;18,83923;8.022931;574.643614
10,92885;19,41807;10.70352;575.157728
9,495251;4,198654;7.9115;575.793568
7,343695;9,323164;6.055903;576.218431
12,8192;5,859979;11.07332;576.271301
9,360788;13,94223;0;576.862979
8,96125;9,794065;7.561894;577.187175
10,03342;13,7698;8.603398;577.356691
12,96763;18,66571;13.97514;578.605456
7,238733;5,282459;6.259564;579.254291
6,469643;8,280678;5.951622;579.559474
12,52128;9,079715;10.84082;580.327211
11,22895;14,6177;9.685367;581.243283
11,77173;17,57269;11.11333;581.857762
13,70561;18,53874;12.54675;582.028834
12,09365;18,55766;14.67321;582.06174
10,781;4,586655;9.090473;582.882066
6,273368;8,181298;5.119913;582.883064
5,872217;9,077506;4.615335;582.885058
13,32373;5,410925;11.63884;583.104472
9,763672;12,57946;0;583.590172
14,03205;13,79531;12.38899;584.651324
12,91627;14,54171;11.21195;584.758325
7,682603;12,21789;6.261417;584.834122
8,079149;4,67696;6.681123;584.835119
12,33891;7,773847;10.5897;584.837115
8,977576;17,33773;7.404893;584.838113
12,02774;6,147641;10.32445;584.840111
10,11896;19,89103;8.464134;584.842106
13,64885;15,46036;11.8782;584.846091
11,21722;4,733865;9.757759;585.765863
9,804206;6,383706;8.266755;585.884541
5,673797;13,23501;4.711445;586.053092
5,404299;14,4567;4.695766;586.154822
14,03056;8,933381;12.3602;586.575694
11,55476;9,63084;9.880148;586.661466
14,38758;17,10393;13.42717;588.038871
5,498377;10,17281;4.440315;588.899937
6,37959;9,868623;5.436039;589.068995
6,42276;13,45443;5.393135;589.373706
5,230079;14,97719;4.138158;589.442523
10,33004;10,779;8.853789;589.814528
11,41766;14,16732;9.697956;590.57907
11,96753;15,19781;10.35054;590.833889
7,05539;3,82014;5.628175;591.260734
6,389281;6,767116;5.412431;591.548962
6,609447;10,27428;5.331735;591.88888
5,000573;18,47696;4.18529;592.294753
5,193314;19,31738;4.184134;592.448309
7,727436;18,18328;0;592.633844
13,51869;14,84615;11.8547;593.58538
8,86552;5,672213;7.308239;594.385785
9,669457;9,995225;8.157791;595.113872
9,774758;10,551;8.139913;595.200876
11,56933;12,52522;9.913137;595.895627
10,56875;14,55676;8.88267;595.997352
10,00159;16,61117;8.648182;596.25817
10,63169;17,49476;9.051988;596.52995
4,851749;17,05229;3.842348;597.754112
8,39894;10,5591;7.236032;597.959431
11,33229;12,16429;9.670557;598.723292
11,92416;13,29916;10.27672;598.943667
9,055004;18,04695;7.448607;599.028443
9,013256;17,6813;7.68128;599.113213
11,42464;19,67499;12.83131;600.09922
6,177491;6,403548;5.445283;600.763507
4,454482;10,13356;3.538254;600.77949
6,339096;13,75626;5.319841;601.47363
12,16681;12,57999;10.48655;602.44303
13,59592;10,74864;11.93655;603.003063
9,643157;19,91558;8.042758;603.052898
12,55441;17,8319;12.42272;603.393113
7,509817;4,483063;6.396464;603.954115
6,185944;12,50625;4.93294;604.567993
6,847866;11,17853;6.145384;604.685674
6,230266;17,38496;4.909258;605.007935
14,60514;12,65819;12.88318;605.739039
7,989702;15,51328;6.484974;606.638766
11,00784;19,2934;11.14549;606.757991
7,618798;5,489237;6.563501;607.43817
7,445069;6,468476;5.982418;607.508983
7,380442;9,291167;5.908139;608.018086
10,86231;15,07453;9.393974;609.376097
6,235127;18,67074;5.477056;609.47837
9,193803;13,33455;7.746188;609.529205
13,9946;19,95073;17.04839;610.446115
8,564879;4,961692;7.017427;611.124914
8,735602;4,718017;7.219452;611.125954
6,866821;11,97914;6.109217;611.821604
9,423466;9,998545;8.082934;611.958238
6,208597;18,09151;5.175622;612.267412
6,539733;17,52279;5.188666;612.538198
13,2381;13,84108;11.52111;613.015569
5,485782;3,18768;4.410073;613.304307
12,23998;3,333259;10.53394;613.660362
7,709001;6,648134;6.204379;613.796027
12,91831;5,034547;11.25369;613.98253
5,369558;19,21169;4.215422;614.545076
10,52461;9,567175;8.877393;614.594535
12,10172;18,39099;12.57246;616.416812
9,158059;4,749851;7.599106;617.12891
9,652468;6,524488;8.160197;617.433759
11,53782;6,094293;9.885942;617.552287
5,566166;18,38745;4.439577;617.944239
8,384064;17,05348;7.125991;618.672292
11,05803;18,02067;9.687007;619.540427
13,79047;17,32847;13.04109;619.62517
6,536836;5,330858;5.760195;620.234571
8,42715;9,314441;7.183951;620.897449
8,300584;10,73334;6.764064;621.000604
14,26965;8,94971;12.55871;621.306268
10,77349;13,01625;9.180443;621.848849
10,02355;14,72749;8.363471;621.9332
13,5999;16,32796;11.81655;622.663774
8,878933;19,19587;7.286308;622.731074
5,131513;9,307276;4.031611;622.732074
10,11114;8,311716;8.737186;622.733071
8,173996;3,523068;7.00487;622.733071
13,09839;5,221824;11.42301;622.734078
5,358245;19,05378;4.223743;622.736065
7,567115;17,36181;6.083141;622.737061
6,739094;4,578838;5.373202;623.225297
9,785693;3,144568;8.323589;623.242221
6,184047;19,37704;0;624.363336
11,11427;9,895975;9.494184;624.48102
11,98674;12,91696;10.2995;625.142254
9,073483;17,72287;7.664405;625.227058
12,96094;15,20013;11.20393;625.549745
6,043149;6,891835;5.338378;626.262352
9,169837;4,626633;7.850546;626.263348
9,874725;5,445333;8.418589;626.413945
6,98357;12,93005;6.301683;627.076866
10,48994;10,58623;8.911146;627.313954
9,540924;17,15578;7.940705;628.078817
10,03251;17,88006;8.660081;628.41788
7,568097;6,374311;6.09199;629.163921
4,911382;11,20985;3.855181;629.248696
4,448415;18,25336;3.626719;629.654641
12,13228;7,08212;10.40005;629.740413
4,887683;15,55713;3.871886;629.842111
9,115497;10,87499;7.689264;630.844317
10,77114;15,9835;9.134958;631.115569
13,65188;3,726914;11.89072;631.847635
7,275289;12,61587;5.813584;632.491966
7,881691;16,98574;6.694533;633.358704
13,96511;12,07828;12.17519;633.359689
11,59242;13,76403;10.04545;633.664687
9,136858;19,72136;7.529591;633.869161
14,31961;16,46028;12.55128;634.157391
6,084006;4,423893;4.798596;634.59821
6,194698;5,698575;4.882051;634.682984
11,83845;3,966203;10.11117;634.921677
8,439807;8,357618;7.199981;635.293767
5,775728;19,93579;4.586508;635.906195
13,07955;11,93719;11.35337;636.380936
9,991515;15,27549;8.558321;636.585967
6,601166;7,762032;5.22974;637.383591
5,17348;9,593517;4.486107;637.417465
6,689716;7,917404;5.851422;637.486285
6,164927;11,94928;5.320699;637.909148
11,97589;7,116758;10.40097;637.943093
10,18061;10,5314;8.586652;638.282699
10,49512;13,5817;10.10653;640.013259
9,358112;8,555013;8.054835;641.320321
6,993052;13,17735;5.676426;641.422563
9,415172;10,43116;7.794136;641.541515
8,656058;17,54216;7.241742;642.373634
9,401542;14,48575;7.779155;642.477328
13,53011;15,32458;11.75712;642.867337
11,67673;19,57103;13.42695;643.61337
7,378995;7,183174;5.91643;644.428056
10,27074;5,621478;8.6616;644.546775
6,616409;12,37681;5.275172;644.887082
12,61682;9,204292;11.0484;645.346407
11,44831;12,61123;9.780915;645.854079
8,611073;16,934;7.309725;645.940363
12,30335;12,70242;10.57997;646.008181
9,570684;4,104552;7.980991;646.637079
14,24757;5,01454;12.56209;646.959793
4,584272;13,59489;3.628599;646.960757
11,73183;5,124461;10.00951;646.976715
8,996505;8,315045;7.737157;647.214086
8,227001;10,71446;6.688466;647.401611
8,960329;18,61063;7.42508;648.57303
5,992787;9,444741;5.081859;649.472515
9,959234;6,199992;8.371467;649.558291
6,75068;10,23888;5.36216;649.626714
11,54253;8,139021;10.0036;650.118837
9,285106;9,808688;7.681386;650.543729
9,797053;17,59747;8.147508;651.240235
10,51429;12,89431;8.998108;651.834249
7,284039;3,730258;6.019185;652.274057
12,55076;3,514884;10.82048;652.528994
7,094766;6,866449;5.690981;652.580898
8,136712;18,57328;6.902173;654.226318
11,40388;14,86267;9.769912;654.513946
13,3254;15,06754;11.70616;654.616875
13,31705;17,67278;13.01967;655.109575
7,988248;14,84419;0;656.653636
10,0621;9,967415;8.535891;656.706463
5,970769;16,61845;5.173334;656.739414
7,636708;17,52578;6.170619;657.384249
8,039568;16,40302;6.664224;657.418161
9,815556;16,68535;8.450763;657.724926
11,8702;18,45659;12.30281;658.521814
5,052973;5,259307;4.144988;658.94606
6,496294;11,61784;5.318486;659.77822
11,96768;7,510474;10.28287;660.072434
7,555456;17,43173;0;660.118346
8,170478;16,24456;0;660.169175
8,747328;19,78436;7.287053;661.187807
12,78724;19,87432;15.20734;662.189117
5,939511;5,770832;4.682597;662.715474
5,843933;9,64406;4.682737;663.054567
13,77916;6,468548;12.01062;663.428536
13,8581;7,406247;12.17561;663.582127
7,185171;18,11696;0;663.717301
7,981542;17,86936;6.991656;664.515284
14,02126;18,15197;14.37208;665.534564
9,024499;3,759241;7.423948;666.077117
7,853334;10,70551;6.725626;666.873987
5,956508;17,03328;4.67396;667.02812
11,82142;8,22391;10.18167;667.07939
12,47649;8,582067;10.76777;667.164158
11,77382;9,151052;10.23123;667.198101
7,691951;14,60219;7.626828;668.099839
8,65492;5,559629;7.412125;668.881326
5,380701;9,202845;4.453062;668.882317
8,881824;6,669062;7.285959;669.017034
8,369727;7,805621;7.077479;669.340528
14,09095;6,932429;12.3035;669.4076
13,23921;11,23507;11.63239;670.257361
12,01061;13,3928;10.46264;670.578502
9,081326;5,934381;7.476124;671.427422
9,189327;8,76363;7.590961;671.817378
4,975384;18,48261;4.228407;672.038373
8,553016;10,71197;7.367094;672.291971
9,02642;17,88711;7.703406;673.124924
8,35556;17,00884;6.815991;673.787184
10,74742;19,64727;11.12322;673.956764
9,564699;4,815492;7.98671;674.704217
13,88299;4,26504;12.11987;674.754115
6,532841;11,15081;5.416101;675.094201
6,179702;18,49553;4.900687;675.518592
11,20752;8,48146;9.739749;675.519592
13,61878;9,268836;11.84453;675.688772
14,06794;11,68587;12.42086;676.120195
5,723309;6,621055;4.713965;676.624866
9,367328;8,42146;7.943715;677.389808
6,559381;14,66608;5.531353;677.629291
6,460253;19,07133;0;677.765922
10,03227;9,750603;8.384444;678.373265
12,99566;17,49345;13.08872;679.360174
13,63393;17,69422;12.74981;679.386134
4,519681;7,327062;3.629073;679.904716
8,670254;4,599305;7.101199;680.006446
14,71552;3,97191;13.02999;680.142122
7,537571;12,51657;6.486868;680.905122
12,44981;12,76391;10.69754;681.737045
9,48298;17,68085;7.981659;681.995253
11,66603;16,8819;10.14925;682.487897
7,967974;5,542503;6.613236;683.203591
5,964244;7,913435;4.979976;683.25346
14,47148;4,895724;12.7949;683.423862
10,33185;7,452337;8.76979;683.883115
11,04689;8,360684;9.362443;683.984843
12,99036;16,58244;11.23973;685.562356
12,33413;19,70375;14.45653;686.141372
9,030374;7,004552;7.469239;687.126073
10,64142;7,642282;9.197437;687.465176
13,3204;12,56637;11.57727;688.466098
9,004563;18,8079;7.530597;688.753363
10,64033;16,45083;9.132394;688.92383
7,530698;18,40911;6.369096;689.296867
11,11462;19,74364;11.62505;689.586183
4,858264;12,77574;4.006464;690.554266
6,973624;9,440934;6.087335;690.672918
9,224231;9,167216;7.735534;690.92955
12,79756;7,69345;11.12572;691.04723
7,390501;12,69112;6.18052;691.065185
13,03441;13,4006;11.36493;691.99856
9,283909;16,91022;7.984475;692.168107
12,83996;6,07895;11.09528;693.324136
9,033397;8,471725;7.549855;693.408938
9,022821;14,77425;0;693.869644
10,70009;10,08274;9.266132;693.919477
9,044781;10,14676;7.797487;694.258602
9,62782;18,95935;7.99805;694.987874
9,283101;13,31849;7.786238;695.512938
4,518822;12,63877;3.700075;696.401064
11,52153;4,834134;9.821657;696.417021
6,964391;9,553209;5.5904;696.51944
5,931019;15,72163;5.010209;696.994406
13,29509;13,7007;11.63136;698.064126
12,20143;14,45606;10.45658;698.199766
13,01649;14,64056;11.24771;698.232674
12,89831;3,644605;11.19031;698.933351
10,70625;4,415017;9.046756;699.002167
10,03481;6,902336;8.639253;699.358215
6,618055;14,65173;5.472776;699.74871
12,16983;10,57573;0;699.799442
13,8554;12,01173;12.08085;700.461259
10,73618;19,38264;10.00983;701.479766
10,231;5,408362;8.806267;702.382447
10,05797;6,349853;8.528913;702.501093
9,553518;7,656553;8.173845;702.653622
8,381863;11,13872;6.856709;702.910193
6,994895;16,80747;0;702.94414
8,663298;11,90433;7.157285;703.061786
10,56002;16,89382;9.039582;704.300034
7,438969;5,585246;5.96037;704.94643
6,08402;15,26474;4.904359;705.709355
7,534511;19,73711;6.524174;706.67836
8,631057;18,17453;7.082509;706.679354
13,55353;11,28022;11.78349;706.86389
9,501925;17,4845;8.065736;706.89777
12,02174;10,27551;10.28164;707.305686
13,69782;4,868272;11.95164;708.23878
11,10903;9,740053;9.607815;709.05666
13,15089;12,75647;11.43631;709.685028
8,415701;19,85518;7.296474;710.007171
13,64507;10,73715;11.87068;710.227599
12,08221;18,72817;13.17365;710.787915
13,27046;19,51707;15.60756;710.924583
13,96686;9,32812;12.31931;710.992371
13,64737;16,15068;11.96598;710.993368
13,916;19,13885;12.18019;710.993368
12,57077;3,046974;10.81429;710.994367
10,08439;10,91876;8.617085;710.995365
12,37612;8,338905;10.63174;710.996358
12,92169;9,101764;11.1929;710.997355
10,62226;3,704287;8.937055;711.649613
4,780028;15,76219;3.891392;712.160962
6,964383;18,19672;0;712.526985
10,28916;8,939419;8.803805;712.527983
6,67505;13,96577;5.320194;712.528981
7,453266;11,93374;6.462567;713.078513
12,2555;15,59404;10.65596;713.894389
6,054792;4,086902;5.081791;714.315298
12,30296;4,794245;10.64129;714.807455
8,141282;11,97643;6.688355;715.419072
9,839231;10,50941;8.187921;715.504349
